item,mae
oxygen_cylinder,40.2291247076653
paracetamol_tablet,241.7660530736479
iv_fluid_bag,102.94955888018607
nebulizer_kit,53.34399471517972
platelet_units,3.749666075725425
bandage_roll,254.93569149959853
syringe,98.66105493297634
antibiotic_injection,17.9180888290775
